<?xml version="1.0" encoding="UTF-8"?>
<metadata xml:lang="de"><Esri><CreaDate>20221005</CreaDate><CreaTime>13392300</CreaTime><ArcGISFormat>1.0</ArcGISFormat><SyncOnce>FALSE</SyncOnce><DataProperties><lineage><Process Name="Feld 'ST_SCH' hinzufügen" ToolSource="c:\program files (x86)\arcgis\desktop10.2\ArcToolbox\Toolboxes\Data Management Tools.tbx\AddField" Date="20221005" Time="133923">AddField geb01_f ST_SCH TEXT # # # # NON_NULLABLE NON_REQUIRED #</Process><Process Name="Feld &quot;SB_SCH&quot; hinzufügen" ToolSource="c:\program files (x86)\arcgis\desktop10.2\ArcToolbox\Toolboxes\Data Management Tools.tbx\AddField" Date="20221005" Time="133923">AddField geb01_f SB_SCH TEXT # # 254 # NON_NULLABLE NON_REQUIRED #</Process><Process Name="Feld 'ST_SCH' berechnen" ToolSource="c:\program files (x86)\arcgis\desktop10.2\ArcToolbox\Toolboxes\Data Management Tools.tbx\CalculateField" Date="20221005" Time="133923">CalculateField geb01_f ST_SCH "Left ( [SCH] ,7)+"0"" VB #</Process><Process Name="Feld 'SB_SCH' berechnen" ToolSource="c:\program files (x86)\arcgis\desktop10.2\ArcToolbox\Toolboxes\Data Management Tools.tbx\CalculateField" Date="20221005" Time="133923">CalculateField geb01_f SB_SCH "Left ( [SCH] ,6)+"00"" VB #</Process><Process Name="Feld 'BEZ_ST' hinzufügen (2)" ToolSource="c:\program files (x86)\arcgis\desktop10.2\ArcToolbox\Toolboxes\Data Management Tools.tbx\AddField" Date="20221005" Time="133923">AddField geb01_f BEZ_ST TEXT # # # # NON_NULLABLE NON_REQUIRED #</Process><Process Name="Feld 'BEZ_SB' hinzufügen (2)" ToolSource="c:\program files (x86)\arcgis\desktop10.2\ArcToolbox\Toolboxes\Data Management Tools.tbx\AddField" Date="20221005" Time="133923">AddField geb01_f BEZ_SB TEXT # # # # NON_NULLABLE NON_REQUIRED #</Process><Process Name="Felder &quot;ST_SCH&quot;, &quot;SB_SCH&quot;, &quot;BEZ_ST&quot; und &quot;BEZ_SB&quot;  löschen" ToolSource="c:\program files (x86)\arcgis\desktop10.2\ArcToolbox\Toolboxes\Data Management Tools.tbx\DeleteField" Date="20221005" Time="133942">DeleteField geb01_f ST_SCH;SB_SCH;BEZ_ST;BEZ_SB</Process><Process Name="Selektieren" ToolSource="c:\program files (x86)\arcgis\desktop10.2\ArcToolbox\Toolboxes\Analysis Tools.tbx\Select" Date="20221005" Time="133949">Select geb01_f D:\temp\work\Ergebnisse\ni_samtgemeinden.shp ""ADM" LIKE '%5008%'"</Process><Process Name="Feld hinzufügen" ToolSource="c:\program files (x86)\arcgis\desktop10.2\ArcToolbox\Toolboxes\Data Management Tools.tbx\AddField" Date="20221005" Time="133949">AddField D:\temp\work\Ergebnisse\ni_samtgemeinden.shp SCH_SG TEXT # # 254 # NON_NULLABLE NON_REQUIRED #</Process><Process Name="Feld berechnen" ToolSource="c:\program files (x86)\arcgis\desktop10.2\ArcToolbox\Toolboxes\Data Management Tools.tbx\CalculateField" Date="20221005" Time="133949">CalculateField D:\temp\work\Ergebnisse\ni_samtgemeinden.shp SCH_SG [SCH] VB #</Process><Process Name="Feld löschen" ToolSource="c:\program files (x86)\arcgis\desktop10.2\ArcToolbox\Toolboxes\Data Management Tools.tbx\DeleteField" Date="20221005" Time="133949">DeleteField D:\temp\work\Ergebnisse\ni_samtgemeinden.shp BEZ_GEM;SCH</Process><Process Name="Zusammenführen (dissolve)" ToolSource="c:\program files (x86)\arcgis\desktop10.2\ArcToolbox\Toolboxes\Data Management Tools.tbx\Dissolve" Date="20221005" Time="133949">Dissolve D:\temp\work\Ergebnisse\ni_samtgemeinden.shp D:\temp\work\Ergebnisse\ni_samtgemeinden_aggregiert.shp BEZ_VWG;SCH_SG "BEZ_KRS FIRST;BEZ_RBZ FIRST" MULTI_PART DISSOLVE_LINES</Process><Process Name="Feld 'BEZ_KRS' hinzufügen (5)" ToolSource="c:\program files (x86)\arcgis\desktop10.2\ArcToolbox\Toolboxes\Data Management Tools.tbx\AddField" Date="20221005" Time="133949">AddField D:\temp\work\Ergebnisse\ni_samtgemeinden_aggregiert.shp BEZ_KRS TEXT # # # # NON_NULLABLE NON_REQUIRED #</Process><Process Name="Feld 'BEZ_RBZ' hinzufügen (3)" ToolSource="c:\program files (x86)\arcgis\desktop10.2\ArcToolbox\Toolboxes\Data Management Tools.tbx\AddField" Date="20221005" Time="133949">AddField D:\temp\work\Ergebnisse\ni_samtgemeinden_aggregiert.shp BEZ_RBZ TEXT # # # # NON_NULLABLE NON_REQUIRED #</Process><Process Name="Feld 'BEZ_LAN' hinzufügen (6)" ToolSource="c:\program files (x86)\arcgis\desktop10.2\ArcToolbox\Toolboxes\Data Management Tools.tbx\AddField" Date="20221005" Time="133949">AddField D:\temp\work\Ergebnisse\ni_samtgemeinden_aggregiert.shp BEZ_LAN TEXT # # # # NON_NULLABLE NON_REQUIRED #</Process><Process Name="Feld 'BEZ_KRS' berechnen (5)" ToolSource="c:\program files (x86)\arcgis\desktop10.2\ArcToolbox\Toolboxes\Data Management Tools.tbx\CalculateField" Date="20221005" Time="133949">CalculateField D:\temp\work\Ergebnisse\ni_samtgemeinden_aggregiert.shp BEZ_KRS [FIRST_BEZ_] VB #</Process><Process Name="Feld 'BEZ_RBZ' berechnen (4)" ToolSource="c:\program files (x86)\arcgis\desktop10.2\ArcToolbox\Toolboxes\Data Management Tools.tbx\CalculateField" Date="20221005" Time="133949">CalculateField D:\temp\work\Ergebnisse\ni_samtgemeinden_aggregiert.shp BEZ_RBZ [FIRST_BEZ1] VB #</Process><Process Name="Feld 'BEZ_LAN' berechnen (7)" ToolSource="c:\program files (x86)\arcgis\desktop10.2\ArcToolbox\Toolboxes\Data Management Tools.tbx\CalculateField" Date="20221005" Time="133949">CalculateField D:\temp\work\Ergebnisse\ni_samtgemeinden_aggregiert.shp BEZ_LAN "Niedersachsen" VB #</Process><Process Name="Felder &quot;Frist_BEZ_&quot; und &quot;Frist_BEZ1&quot; löschen (6)" ToolSource="c:\program files (x86)\arcgis\desktop10.2\ArcToolbox\Toolboxes\Data Management Tools.tbx\DeleteField" Date="20221005" Time="133949">DeleteField D:\temp\work\Ergebnisse\ni_samtgemeinden_aggregiert.shp FIRST_BEZ_;FIRST_BEZ1</Process><Process Name="Feld 'FLAECHE' hinzufügen (3)" ToolSource="c:\program files (x86)\arcgis\desktop10.2\ArcToolbox\Toolboxes\Data Management Tools.tbx\AddField" Date="20221005" Time="133949">AddField D:\temp\work\Ergebnisse\ni_samtgemeinden_aggregiert.shp FLAECHE DOUBLE # # # # NON_NULLABLE NON_REQUIRED #</Process><Process Name="Feld &quot;FLAECHE&quot; berechnen (4)" ToolSource="c:\program files (x86)\arcgis\desktop10.2\ArcToolbox\Toolboxes\Data Management Tools.tbx\CalculateField" Date="20221005" Time="133950">CalculateField D:\temp\work\Ergebnisse\ni_samtgemeinden_aggregiert.shp FLAECHE !shape.area@squarekilometers! PYTHON #</Process></lineage><itemProps><itemName Sync="TRUE">ni_samtgemeinden_aggregiert</itemName><imsContentType Sync="TRUE">002</imsContentType><itemSize Sync="TRUE">0.000</itemSize><itemLocation><linkage Sync="TRUE">file://\\GLL-H3-W12V015\D\temp\work\Ergebnisse\ni_samtgemeinden_aggregiert.shp</linkage><protocol Sync="TRUE">Local Area Network</protocol></itemLocation></itemProps><coordRef><type Sync="TRUE">Projected</type><geogcsn Sync="TRUE">GCS_ETRS_1989</geogcsn><csUnits Sync="TRUE">Linear Unit: Meter (1.000000)</csUnits><projcsn Sync="TRUE">ETRS_1989_UTM_Zone_32N</projcsn><peXml Sync="TRUE">&lt;ProjectedCoordinateSystem xsi:type='typens:ProjectedCoordinateSystem' xmlns:xsi='http://www.w3.org/2001/XMLSchema-instance' xmlns:xs='http://www.w3.org/2001/XMLSchema' xmlns:typens='http://www.esri.com/schemas/ArcGIS/10.1'&gt;&lt;WKT&gt;PROJCS[&amp;quot;ETRS_1989_UTM_Zone_32N&amp;quot;,GEOGCS[&amp;quot;GCS_ETRS_1989&amp;quot;,DATUM[&amp;quot;D_ETRS_1989&amp;quot;,SPHEROID[&amp;quot;GRS_1980&amp;quot;,6378137.0,298.257222101]],PRIMEM[&amp;quot;Greenwich&amp;quot;,0.0],UNIT[&amp;quot;Degree&amp;quot;,0.0174532925199433]],PROJECTION[&amp;quot;Transverse_Mercator&amp;quot;],PARAMETER[&amp;quot;False_Easting&amp;quot;,500000.0],PARAMETER[&amp;quot;False_Northing&amp;quot;,0.0],PARAMETER[&amp;quot;Central_Meridian&amp;quot;,9.0],PARAMETER[&amp;quot;Scale_Factor&amp;quot;,0.9996],PARAMETER[&amp;quot;Latitude_Of_Origin&amp;quot;,0.0],UNIT[&amp;quot;Meter&amp;quot;,1.0],AUTHORITY[&amp;quot;EPSG&amp;quot;,25832]]&lt;/WKT&gt;&lt;XOrigin&gt;-5120900&lt;/XOrigin&gt;&lt;YOrigin&gt;-9998100&lt;/YOrigin&gt;&lt;XYScale&gt;450445547.3910538&lt;/XYScale&gt;&lt;ZOrigin&gt;-100000&lt;/ZOrigin&gt;&lt;ZScale&gt;10000&lt;/ZScale&gt;&lt;MOrigin&gt;-100000&lt;/MOrigin&gt;&lt;MScale&gt;10000&lt;/MScale&gt;&lt;XYTolerance&gt;0.001&lt;/XYTolerance&gt;&lt;ZTolerance&gt;0.001&lt;/ZTolerance&gt;&lt;MTolerance&gt;0.001&lt;/MTolerance&gt;&lt;HighPrecision&gt;true&lt;/HighPrecision&gt;&lt;WKID&gt;25832&lt;/WKID&gt;&lt;LatestWKID&gt;25832&lt;/LatestWKID&gt;&lt;/ProjectedCoordinateSystem&gt;</peXml></coordRef></DataProperties><SyncDate>20221005</SyncDate><SyncTime>13394900</SyncTime><ModDate>20221005</ModDate><ModTime>13394900</ModTime></Esri><dataIdInfo><envirDesc Sync="TRUE"> Version 6.2 (Build 9200) ; Esri ArcGIS 10.2.2.3552</envirDesc><dataLang><languageCode value="deu" Sync="TRUE"></languageCode><countryCode value="DEU" Sync="TRUE"></countryCode></dataLang><idCitation><resTitle Sync="TRUE">ni_samtgemeinden_aggregiert</resTitle><presForm><PresFormCd value="005" Sync="TRUE"></PresFormCd></presForm></idCitation><spatRpType><SpatRepTypCd value="001" Sync="TRUE"></SpatRepTypCd></spatRpType></dataIdInfo><mdLang><languageCode value="deu" Sync="TRUE"></languageCode><countryCode value="DEU" Sync="TRUE"></countryCode></mdLang><mdChar><CharSetCd value="004" Sync="TRUE"></CharSetCd></mdChar><distInfo><distFormat><formatName Sync="TRUE">Shapefile</formatName></distFormat><distTranOps><transSize Sync="TRUE">0.000</transSize></distTranOps></distInfo><mdHrLv><ScopeCd value="005" Sync="TRUE"></ScopeCd></mdHrLv><mdHrLvName Sync="TRUE">dataset</mdHrLvName><refSysInfo><RefSystem><refSysID><identCode code="25832" Sync="TRUE"></identCode><idCodeSpace Sync="TRUE">EPSG</idCodeSpace><idVersion Sync="TRUE">8.2.6</idVersion></refSysID></RefSystem></refSysInfo><spatRepInfo><VectSpatRep><geometObjs Name="ni_samtgemeinden_aggregiert"><geoObjTyp><GeoObjTypCd value="002" Sync="TRUE"></GeoObjTypCd></geoObjTyp><geoObjCnt Sync="TRUE">0</geoObjCnt></geometObjs><topLvl><TopoLevCd value="001" Sync="TRUE"></TopoLevCd></topLvl></VectSpatRep></spatRepInfo><spdoinfo><ptvctinf><esriterm Name="ni_samtgemeinden_aggregiert"><efeatyp Sync="TRUE">Simple</efeatyp><efeageom code="4" Sync="TRUE"></efeageom><esritopo Sync="TRUE">FALSE</esritopo><efeacnt Sync="TRUE">0</efeacnt><spindex Sync="TRUE">FALSE</spindex><linrefer Sync="TRUE">FALSE</linrefer></esriterm></ptvctinf></spdoinfo><eainfo><detailed Name="ni_samtgemeinden_aggregiert"><enttyp><enttypl Sync="TRUE">ni_samtgemeinden_aggregiert</enttypl><enttypt Sync="TRUE">Feature Class</enttypt><enttypc Sync="TRUE">0</enttypc></enttyp><attr><attrlabl Sync="TRUE">FID</attrlabl><attalias Sync="TRUE">FID</attalias><attrtype Sync="TRUE">OID</attrtype><attwidth Sync="TRUE">4</attwidth><atprecis Sync="TRUE">0</atprecis><attscale Sync="TRUE">0</attscale><attrdef Sync="TRUE">Internal feature number.</attrdef><attrdefs Sync="TRUE">Esri</attrdefs><attrdomv><udom Sync="TRUE">Sequential unique whole numbers that are automatically generated.</udom></attrdomv></attr><attr><attrlabl Sync="TRUE">Shape</attrlabl><attalias Sync="TRUE">Shape</attalias><attrtype Sync="TRUE">Geometry</attrtype><attwidth Sync="TRUE">0</attwidth><atprecis Sync="TRUE">0</atprecis><attscale Sync="TRUE">0</attscale><attrdef Sync="TRUE">Feature geometry.</attrdef><attrdefs Sync="TRUE">Esri</attrdefs><attrdomv><udom Sync="TRUE">Coordinates defining the features.</udom></attrdomv></attr><attr><attrlabl Sync="TRUE">BEZ_VWG</attrlabl><attalias Sync="TRUE">BEZ_VWG</attalias><attrtype Sync="TRUE">String</attrtype><attwidth Sync="TRUE">100</attwidth><atprecis Sync="TRUE">0</atprecis><attscale Sync="TRUE">0</attscale></attr><attr><attrlabl Sync="TRUE">SCH_SG</attrlabl><attalias Sync="TRUE">SCH_SG</attalias><attrtype Sync="TRUE">String</attrtype><attwidth Sync="TRUE">254</attwidth><atprecis Sync="TRUE">0</atprecis><attscale Sync="TRUE">0</attscale></attr><attr><attrlabl Sync="TRUE">FIRST_BEZ_</attrlabl><attalias Sync="TRUE">FIRST_BEZ_</attalias><attrtype Sync="TRUE">String</attrtype><attwidth Sync="TRUE">100</attwidth><atprecis Sync="TRUE">0</atprecis><attscale Sync="TRUE">0</attscale></attr><attr><attrlabl Sync="TRUE">FIRST_BEZ1</attrlabl><attalias Sync="TRUE">FIRST_BEZ1</attalias><attrtype Sync="TRUE">String</attrtype><attwidth Sync="TRUE">100</attwidth><atprecis Sync="TRUE">0</atprecis><attscale Sync="TRUE">0</attscale></attr></detailed></eainfo><mdDateSt Sync="TRUE">20221005</mdDateSt></metadata>
